<?xml version="1.0"?>
<!DOCTYPE hibernate-mapping PUBLIC "-//Hibernate/Hibernate Mapping DTD 3.0//EN" "http://www.hibernate.org/dtd/hibernate-mapping-3.0.dtd">

<hibernate-mapping auto-import="false"
	default-lazy="false">
	<import class="com.liferay.training.gradebook.model.Assignment" />
	<import class="com.liferay.training.gradebook.model.Submission" />
	<class
		name="com.liferay.training.gradebook.model.impl.AssignmentImpl"
		table="Gradebook_Assignment">
		<id
			access="com.liferay.portal.dao.orm.hibernate.LiferayPropertyAccessor"
			name="assignmentId" type="long">
			<generator class="assigned" />
		</id>
		<property
			access="com.liferay.portal.dao.orm.hibernate.LiferayPropertyAccessor"
			column="uuid_" name="uuid"
			type="com.liferay.portal.dao.orm.hibernate.StringType" />
		<property
			access="com.liferay.portal.dao.orm.hibernate.LiferayPropertyAccessor"
			name="groupId" type="com.liferay.portal.dao.orm.hibernate.LongType" />
		<property
			access="com.liferay.portal.dao.orm.hibernate.LiferayPropertyAccessor"
			name="companyId" type="com.liferay.portal.dao.orm.hibernate.LongType" />
		<property
			access="com.liferay.portal.dao.orm.hibernate.LiferayPropertyAccessor"
			name="userId" type="com.liferay.portal.dao.orm.hibernate.LongType" />
		<property
			access="com.liferay.portal.dao.orm.hibernate.LiferayPropertyAccessor"
			name="userName"
			type="com.liferay.portal.dao.orm.hibernate.StringType" />
		<property
			access="com.liferay.portal.dao.orm.hibernate.LiferayPropertyAccessor"
			name="createDate" type="org.hibernate.type.TimestampType" />
		<property
			access="com.liferay.portal.dao.orm.hibernate.LiferayPropertyAccessor"
			name="modifiedDate" type="org.hibernate.type.TimestampType" />
		<property
			access="com.liferay.portal.dao.orm.hibernate.LiferayPropertyAccessor"
			name="title" type="com.liferay.portal.dao.orm.hibernate.StringType" />
		<property
			access="com.liferay.portal.dao.orm.hibernate.LiferayPropertyAccessor"
			name="description"
			type="com.liferay.portal.dao.orm.hibernate.StringType" />
		<property
			access="com.liferay.portal.dao.orm.hibernate.LiferayPropertyAccessor"
			name="dueDate" type="org.hibernate.type.TimestampType" />
	</class>
	<class
		name="com.liferay.training.gradebook.model.impl.SubmissionImpl"
		table="Gradebook_Submission">
		<id
			access="com.liferay.portal.dao.orm.hibernate.LiferayPropertyAccessor"
			name="submissionId" type="long">
			<generator class="assigned" />
		</id>
		<property
			access="com.liferay.portal.dao.orm.hibernate.LiferayPropertyAccessor"
			name="assignmentId"
			type="com.liferay.portal.dao.orm.hibernate.LongType" />
		<property
			access="com.liferay.portal.dao.orm.hibernate.LiferayPropertyAccessor"
			name="groupId" type="com.liferay.portal.dao.orm.hibernate.LongType" />
		<property
			access="com.liferay.portal.dao.orm.hibernate.LiferayPropertyAccessor"
			name="companyId" type="com.liferay.portal.dao.orm.hibernate.LongType" />
		<property
			access="com.liferay.portal.dao.orm.hibernate.LiferayPropertyAccessor"
			name="userId" type="com.liferay.portal.dao.orm.hibernate.LongType" />
		<property
			access="com.liferay.portal.dao.orm.hibernate.LiferayPropertyAccessor"
			name="userName"
			type="com.liferay.portal.dao.orm.hibernate.StringType" />
		<property
			access="com.liferay.portal.dao.orm.hibernate.LiferayPropertyAccessor"
			name="createDate" type="org.hibernate.type.TimestampType" />
		<property
			access="com.liferay.portal.dao.orm.hibernate.LiferayPropertyAccessor"
			name="modifiedDate" type="org.hibernate.type.TimestampType" />
		<property
			access="com.liferay.portal.dao.orm.hibernate.LiferayPropertyAccessor"
			name="studentId" type="com.liferay.portal.dao.orm.hibernate.LongType" />
		<property
			access="com.liferay.portal.dao.orm.hibernate.LiferayPropertyAccessor"
			name="submitDate" type="org.hibernate.type.TimestampType" />
		<property
			access="com.liferay.portal.dao.orm.hibernate.LiferayPropertyAccessor"
			name="submissionText"
			type="com.liferay.portal.dao.orm.hibernate.StringType" />
		<property
			access="com.liferay.portal.dao.orm.hibernate.LiferayPropertyAccessor"
			column="comment_" name="comment"
			type="com.liferay.portal.dao.orm.hibernate.StringType" />
		<property
			access="com.liferay.portal.dao.orm.hibernate.LiferayPropertyAccessor"
			name="grade" type="com.liferay.portal.dao.orm.hibernate.IntegerType" />
	</class>
</hibernate-mapping>